crash_id,latitude,longitude,date,day_of_week,killed,injured,severity
10,17.692782870071433,77.62231729628967,2021-12-31 00:00:00,friday,4,0,20
11,16.48884543363603,78.3091303972808,2022-01-01 00:00:00,saturday,2,0,10
12,16.526195268882535,78.59603307218524,2022-01-01 00:00:00,saturday,2,0,10
41,17.52559528053733,78.27114402473659,2022-01-05 00:00:00,wednesday,3,2,17
121,17.490912151289685,80.57321678720476,2022-01-28 00:00:00,friday,4,8,28
124,18.428038071455486,79.13507468317677,2022-01-30 00:00:00,sunday,4,2,22
128,18.989326374344998,79.08330736132393,2022-01-30 00:00:00,sunday,3,0,15
177,17.23253687972608,79.69398413248594,2022-02-10 00:00:00,thursday,4,0,20
201,18.188326947884857,79.91491551269137,2022-02-19 00:00:00,saturday,4,4,24
210,17.313601040235092,78.13928501548331,2022-02-21 00:00:00,monday,3,7,22
220,18.056694486628253,78.2584638520406,2022-02-21 00:00:00,monday,2,11,21
226,17.329662439312923,78.27425994433521,2022-02-22 00:00:00,tuesday,2,0,10
231,17.55375191054745,78.46363355451433,2022-02-24 00:00:00,thursday,1,0,5
233,17.26200439015837,78.38814180946548,2022-02-24 00:00:00,thursday,1,0,5
262,18.21815163836048,79.98216386293753,2022-03-05 00:00:00,saturday,6,2,32
310,17.42939031894922,78.40337078144518,2022-03-17 00:00:00,thursday,1,0,5
350,17.364729331569848,79.52306107787611,2022-03-25 00:00:00,friday,2,5,15
354,17.509872371083986,78.36186632666866,2022-03-26 00:00:00,saturday,1,0,5
360,18.325421308896082,78.33671289159956,2022-03-28 00:00:00,monday,5,1,26
401,17.50621987331073,78.50462883692596,2022-04-07 00:00:00,thursday,1,0,5
430,17.408324254611227,78.65562326919091,2022-04-13 00:00:00,wednesday,2,0,10
479,18.578989016195717,79.36551061472527,2022-04-24 00:00:00,sunday,3,4,19
493,18.167944800968232,78.98399312247022,2022-04-28 00:00:00,thursday,2,0,10
540,18.230128967436478,77.9416637111745,2022-05-08 00:00:00,sunday,8,17,57
543,17.69115982171781,77.60837662178527,2022-05-10 00:00:00,tuesday,1,7,12
603,17.509481708599825,80.26925174221408,2022-05-22 00:00:00,sunday,2,4,14
608,18.006945956912094,79.5901092116075,2022-05-22 00:00:00,sunday,2,2,12
650,17.252287102196647,78.45286538050513,2022-06-02 00:00:00,thursday,1,0,5
686,17.387342591299387,78.34000592608474,2022-06-10 00:00:00,friday,2,0,10
703,18.156652491502765,78.89867795354597,2022-06-12 00:00:00,sunday,3,0,15
733,17.21017526105063,78.13340311121085,2022-06-19 00:00:00,sunday,1,0,5
747,17.461431854583598,78.73478348257953,2022-06-23 00:00:00,thursday,3,0,15
761,17.428329826418363,78.52878586422034,2022-06-27 00:00:00,monday,1,1,6
785,17.19465968219884,78.39552715964037,2022-07-04 00:00:00,monday,3,0,15
828,16.084111910361987,77.89860863476197,2022-07-13 00:00:00,wednesday,3,0,15
831,17.411259609565853,78.46070920569524,2022-07-15 00:00:00,friday,2,0,10
893,17.255340256368513,78.38134141799141,2022-08-01 00:00:00,monday,1,2,7
920,18.91469965911996,78.36007559482111,2022-08-10 00:00:00,wednesday,4,3,23
924,17.921580435051617,78.6394576640401,2022-08-10 00:00:00,wednesday,4,0,20
1239,17.688016079430852,79.89392851062833,2022-10-28 00:00:00,friday,4,3,23
1251,17.438425267294747,78.45059784004324,2022-10-30 00:00:00,sunday,1,0,5
1254,19.66430394939275,78.52895617239561,2022-10-30 00:00:00,sunday,4,0,20
1256,17.635476518528307,78.4851888279516,2022-10-30 00:00:00,sunday,3,9,24
1258,19.027063178328984,78.36298370549322,2022-11-01 00:00:00,tuesday,1,3,8
1263,17.56429663919786,78.49334533381393,2022-11-01 00:00:00,tuesday,2,0,10
1264,17.705116700596818,78.0941287496498,2022-11-02 00:00:00,wednesday,2,0,10
1350,17.41604008317256,79.35145036527567,2022-11-22 00:00:00,tuesday,8,2,42
1354,16.31830655019522,77.95075530161922,2022-11-20 00:00:00,sunday,3,16,31
1406,17.219357531601254,78.33618880820711,2022-12-04 00:00:00,sunday,3,0,15
1435,18.782864650870852,78.29786014542509,2022-12-10 00:00:00,saturday,3,0,15
1509,17.517909994790656,78.44654596487308,2022-12-25 00:00:00,sunday,2,0,10
1512,19.420669708373815,78.81012774784739,2022-12-25 00:00:00,sunday,4,0,20
1521,17.425777571800175,78.34047686462186,2022-12-25 00:00:00,sunday,1,6,11
1542,17.468736111207978,78.53471899547422,2022-12-31 00:00:00,saturday,1,1,6
1550,17.524465521608498,80.00438226057065,2022-12-31 00:00:00,saturday,2,0,10
1573,17.42744157524595,78.43639703594485,2023-01-01 00:00:00,sunday,2,0,10
1669,17.594423354664716,80.31430272073665,2023-01-20 00:00:00,friday,4,0,20
1700,17.31837592801529,78.58667691737277,2023-01-30 00:00:00,monday,1,0,5
1701,17.35115808879119,78.36359413005538,2023-01-31 00:00:00,tuesday,2,4,14
1708,17.41076469707244,78.3974270663452,2023-02-03 00:00:00,friday,1,0,5
1712,17.59284230210187,78.40756232574495,2023-02-04 00:00:00,saturday,2,14,24
1752,17.45466631734385,78.13356882175847,2023-02-14 00:00:00,tuesday,1,1,6
1777,17.393421354353578,78.43307259943855,2023-02-22 00:00:00,wednesday,1,0,5
1798,17.41953190160989,78.38682215493436,2023-02-28 00:00:00,tuesday,1,0,5
1820,17.05400888550831,79.26573834777881,2023-03-05 00:00:00,sunday,2,1,11
1852,18.541330822820626,78.22511289364212,2023-03-13 00:00:00,monday,4,0,20
1854,17.47033808434841,78.3592432979106,2023-03-12 00:00:00,sunday,1,0,5
1866,17.40143950321319,78.56118302395446,2023-03-17 00:00:00,friday,1,0,5
1897,17.679892061174687,79.60535739547875,2023-03-29 00:00:00,wednesday,1,2,7
1900,18.157311206356123,79.71528494917405,2023-03-29 00:00:00,wednesday,2,15,25
1943,19.03051888682999,78.08491943714861,2023-04-06 00:00:00,thursday,1,0,5
1944,19.10521710167578,77.96406476339503,2023-04-07 00:00:00,friday,2,0,10
1977,16.08612490848828,77.897145670451,2023-04-16 00:00:00,sunday,1,0,5
2003,17.61320385456023,77.99287683256648,2023-04-20 00:00:00,thursday,2,1,11
2052,17.06817761808438,78.20821283801763,2023-04-30 00:00:00,sunday,1,0,5
2064,17.95962501684719,79.82035918397776,2023-05-02 00:00:00,tuesday,2,0,10
2068,17.48545375968675,78.49244323202527,2023-05-03 00:00:00,wednesday,1,1,6
2113,17.56342679834879,78.16770899013699,2023-05-12 00:00:00,friday,2,5,15
2125,17.209109244273062,80.325958696251,2023-05-17 00:00:00,wednesday,6,6,36
2135,17.399204732101218,78.2978296792505,2023-05-19 00:00:00,friday,4,8,28
2140,17.831677149948206,80.47934896924103,2023-05-20 00:00:00,saturday,1,0,5
2156,18.254448229292652,79.79804790757784,2023-05-23 00:00:00,tuesday,2,0,10
2161,18.185689871947872,78.99827938163496,2023-05-22 00:00:00,monday,2,0,10
2217,17.221873806921188,80.28852864196776,2023-05-29 00:00:00,monday,3,1,16
2219,16.952227067226254,78.34649925869014,2023-05-31 00:00:00,wednesday,2,0,10
2229,18.79004629083924,78.91567433760554,2023-06-05 00:00:00,monday,2,0,10
2257,18.548883113647605,78.92095323598625,2023-06-12 00:00:00,monday,7,2,37
2266,17.328789071705273,78.57527231688721,2023-06-11 00:00:00,sunday,1,0,5
2279,18.1910150092227,79.94125134695838,2023-06-16 00:00:00,friday,2,0,10
2287,17.45545988105435,80.03897049783521,2023-06-18 00:00:00,sunday,1,0,5
2288,17.99746582469721,79.55341351504958,2023-06-18 00:00:00,sunday,1,0,5
2292,17.33957787635739,77.65964276766196,2023-06-18 00:00:00,sunday,1,7,12
2314,18.120734574152223,79.75291085449805,2023-06-25 00:00:00,sunday,4,2,22
2386,17.42476346699409,78.49797381056858,2023-07-08 00:00:00,saturday,4,5,25
2411,17.77723778893274,79.28347228780784,2023-07-15 00:00:00,saturday,2,0,10
2419,17.580734513527336,78.57458477358307,2023-07-17 00:00:00,monday,3,2,17
2437,17.308214301282167,78.55531807967219,2023-07-25 00:00:00,tuesday,1,0,5
2458,17.473417558726116,78.57074115954661,2023-07-30 00:00:00,sunday,2,0,10
2461,17.557436347284387,78.34436305025429,2023-07-30 00:00:00,sunday,2,1,11
2527,18.62496698970267,79.57414967110049,2023-08-14 00:00:00,monday,2,3,13
2529,17.79050970644225,79.59373705001147,2023-08-16 00:00:00,wednesday,4,3,23
2545,17.681089254303846,77.61236092908304,2023-08-18 00:00:00,friday,2,0,10
2558,17.271495902783936,78.47430228461764,2023-08-20 00:00:00,sunday,2,1,11
2568,17.451342787330926,78.38104333538644,2023-08-23 00:00:00,wednesday,1,0,5
2599,17.319861649675634,78.64434500581801,2023-08-31 00:00:00,thursday,1,0,5
2648,17.449129886423822,78.25477198834997,2023-09-10 00:00:00,sunday,2,2,12
2675,17.588710098623007,79.65332844484782,2023-09-13 00:00:00,wednesday,4,0,20
2739,16.763246437985266,78.15064385224638,2023-10-09 00:00:00,monday,1,25,30
2748,17.631719415244262,78.4815008422224,2023-10-12 00:00:00,thursday,2,0,10
2755,17.581943668687206,78.56121334706427,2023-10-13 00:00:00,friday,2,2,12
2785,17.236281138930124,78.54118460268297,2023-10-27 00:00:00,friday,1,3,8
2839,17.979652444087705,79.52818951446417,2023-12-01 00:00:00,friday,1,0,5
2874,17.38112657071704,78.53959141388057,2023-12-17 00:00:00,sunday,1,7,12
2887,17.309901967775204,78.43556473406295,2023-12-24 00:00:00,sunday,1,3,8
